sales_agent,total_opportunities,won_deals,lost_deals,open_opportunities,won_revenue,win_rate_pct,avg_won_deal_size,net_price_difference,performance_category
"Darcel Schlecht",747,349,204,194,1153214.00,63.11,3304.34,-3916.00,Average
"Vicki Laflamme",451,221,126,104,478396.00,63.69,2164.69,-2694.00,Average
"Kary Hendrixson",438,209,126,103,454298.00,62.39,2173.67,-2561.00,Average
"Cassey Cress",346,163,98,85,450489.00,62.45,2763.74,-1829.00,Average
"Donn Cantrell",275,158,117,0,445860.00,57.45,2821.90,3319.00,Poor
"Reed Clapper",237,155,82,0,438336.00,65.40,2827.97,-2539.00,Good
"Zane Levy",349,161,100,88,430068.00,61.69,2671.23,3804.00,Average
"Corliss Cosme",310,150,79,81,421036.00,65.50,2806.91,-2335.00,Good
"James Ascencio",267,135,71,61,413533.00,65.53,3063.21,540.00,Good
"Daniell Hammack",259,114,73,72,364229.00,60.96,3194.99,5213.00,Average
"Maureen Marcano",285,149,64,72,350395.00,69.95,2351.64,-7417.00,Good
"Gladys Colclough",317,135,97,85,345674.00,58.19,2560.55,2533.00,Poor
"Markita Hansen",306,130,97,79,328792.00,57.27,2529.17,1398.00,Poor
"Kami Bicknell",362,174,98,90,316456.00,63.97,1818.71,-6432.00,Average
"Marty Freudenburg",281,122,72,87,291195.00,62.89,2386.84,394.00,Average
"Elease Gluck",177,80,46,51,289195.00,63.49,3614.94,-785.00,Average
"Jonathan Berthelot",345,171,93,81,284886.00,64.77,1666.00,19.00,Average
"Anna Snelling",448,208,128,112,275056.00,61.90,1322.38,-303.00,Average
"Hayden Neloms",202,107,45,50,272111.00,70.39,2543.09,-2461.00,Good
"Boris Faz",210,101,52,57,261631.00,66.01,2590.41,-251.00,Good
"Rosalina Dieter",160,72,38,50,235403.00,65.45,3269.49,1333.00,Good
"Rosie Papadopoulos",160,78,43,39,230169.00,64.46,2950.88,2477.00,Average
"Cecily Lampkin",203,107,53,43,229800.00,66.88,2147.66,-3074.00,Good
"Moses Frase",260,129,66,65,207182.00,66.15,1606.06,1786.00,Good
"Garret Kinder",123,75,48,0,197773.00,60.98,2636.97,-3090.00,Average
"Lajuana Vencill",311,127,104,80,194632.00,54.98,1532.54,-3422.00,Poor
"Versie Hillebrand",361,176,88,97,187693.00,66.67,1066.44,-4117.00,Good
"Niesha Huffines",239,105,70,64,176961.00,60.00,1685.34,4199.00,Average
"Wilburn Farren",110,55,24,31,157640.00,69.62,2866.18,1483.00,Good
"Violet Mclelland",261,122,71,68,123431.00,63.21,1011.73,780.00,Average
